5551110001,VIN000001
5551110002,VIN000002
5551110003,VIN000003
5551110004,VIN000004
5551110005,VIN000005
5551110006,VIN000006
5551110007,VIN000007
5551110008,VIN000008
5551110001,VIN000009
5551110001,VIN000010
5551110001,VIN000011
5551110001,VIN000012
5551110001,VIN000013
5551110001,VIN000014
5551110001,VIN000015
5551110001,VIN000016
5551110001,VIN000017
5551110001,VIN000018
5551110001,VIN000019
5551110001,VIN000020
5551110001,VIN000021
5551110001,VIN000022
5551110001,VIN000023
5551110001,VIN000024
5551110001,VIN000025
5551110001,VIN000026
5551110001,VIN000027
5551110001,VIN000028
5551110001,VIN000029
5551110002,VIN000030
5551110002,VIN000031